{"scale_factor": 4, "translations": [[0.5, 0.5], [-0.2794591784477234, 0.3762459456920624], [-0.20941297709941864, -0.3738064765930176], [0.35408511757850647, 0.4097674787044525], [0.3623553216457367, -0.31567370891571045], [-0.3212229609489441, 0.1358557790517807], [0.5659013390541077, 0.19536083936691284], [-0.06012009456753731, -0.11276204138994217], [0.07836411148309708, 0.5577627420425415], [0.16580091416835785, 0.12763337790966034], [0.06489668041467667, 0.16648654639720917], [0.1830153614282608, 0.5532552599906921], [-0.217052161693573, -0.09579520672559738], [-0.120025135576725, 0.529179573059082]]}